[
  {
    "id": 1,
    "first_name": "James",
    "last_name": "Butt",
    "company_name": "Benton, John B Jr",
    "address": "6649 N Blue Gum St",
    "city": "New Orleans",
    "county": "Orleans",
    "state": "LA",
    "zip": 70116
  },
  {
    "id": 2,
    "first_name": "Josephine",
    "last_name": "Darakjy",
    "company_name": "Chanay, Jeffrey A Esq",
    "address": "4 B Blue Ridge Blvd",
    "city": "Brighton",
    "county": "Livingston",
    "state": "MI",
    "zip": 48116
  },
  {
    "id": 3,
    "first_name": "Art",
    "last_name": "Venere",
    "company_name": "Chemel, James L Cpa",
    "address": "8 W Cerritos Ave #54",
    "city": "Bridgeport",
    "county": "Gloucester",
    "state": "NJ",
    "zip": 8014
  },
  {
    "id": 4,
    "first_name": "Lenna",
    "last_name": "Paprocki",
    "company_name": "Feltz Printing Service",
    "address": "639 Main St",
    "city": "Anchorage",
    "county": "Anchorage",
    "state": "AK",
    "zip": 99501
  },
  {
    "id": 5,
    "first_name": "Donette",
    "last_name": "Foller",
    "company_name": "Printing Dimensions",
    "address": "34 Center St",
    "city": "Hamilton",
    "county": "Butler",
    "state": "OH",
    "zip": 45011
  },
  {
    "id": 6,
    "first_name": "Simona",
    "last_name": "Morasca",
    "company_name": "Chapman, Ross E Esq",
    "address": "3 Mcauley Dr",
    "city": "Ashland",
    "county": "Ashland",
    "state": "OH",
    "zip": 44805
  },
  {
    "id": 7,
    "first_name": "Mitsue",
    "last_name": "Tollner",
    "company_name": "Morlong Associates",
    "address": "7 Eads St",
    "city": "Chicago",
    "county": "Cook",
    "state": "IL",
    "zip": 60632
  },
  {
    "id": 8,
    "first_name": "Leota",
    "last_name": "Dilliard",
    "company_name": "Commercial Press",
    "address": "7 W Jackson Blvd",
    "city": "San Jose",
    "county": "Santa Clara",
    "state": "CA",
    "zip": 95111
  },
  {
    "id": 9,
    "first_name": "Sage",
    "last_name": "Wieser",
    "company_name": "Truhlar And Truhlar Attys",
    "address": "5 Boston Ave #88",
    "city": "Sioux Falls",
    "county": "Minnehaha",
    "state": "SD",
    "zip": 57105
  },
  {
    "id": 10,
    "first_name": "Kris",
    "last_name": "Marrier",
    "company_name": "King, Christopher A Esq",
    "address": "228 Runamuck Pl #2808",
    "city": "Baltimore",
    "county": "Baltimore City",
    "state": "MD",
    "zip": 21224
  },
  {
    "id": 11,
    "first_name": "Minna",
    "last_name": "Amigon",
    "company_name": "Dorl, James J Esq",
    "address": "2371 Jerrold Ave",
    "city": "Kulpsville",
    "county": "Montgomery",
    "state": "PA",
    "zip": 19443
  },
  {
    "id": 12,
    "first_name": "Abel",
    "last_name": "Maclead",
    "company_name": "Rangoni Of Florence",
    "address": "37275 St  Rt 17m M",
    "city": "Middle Island",
    "county": "Suffolk",
    "state": "NY",
    "zip": 11953
  },
  {
    "id": 13,
    "first_name": "Kiley",
    "last_name": "Caldarera",
    "company_name": "Feiner Bros",
    "address": "25 E 75th St #69",
    "city": "Los Angeles",
    "county": "Los Angeles",
    "state": "CA",
    "zip": 90034
  },
  {
    "id": 14,
    "first_name": "Graciela",
    "last_name": "Ruta",
    "company_name": "Buckley Miller & Wright",
    "address": "98 Connecticut Ave Nw",
    "city": "Chagrin Falls",
    "county": "Geauga",
    "state": "OH",
    "zip": 44023
  },
  {
    "id": 15,
    "first_name": "Cammy",
    "last_name": "Albares",
    "company_name": "Rousseaux, Michael Esq",
    "address": "56 E Morehead St",
    "city": "Laredo",
    "county": "Webb",
    "state": "TX",
    "zip": 78045
  },
  {
    "id": 16,
    "first_name": "Mattie",
    "last_name": "Poquette",
    "company_name": "Century Communications",
    "address": "73 State Road 434 E",
    "city": "Phoenix",
    "county": "Maricopa",
    "state": "AZ",
    "zip": 85013
  },
  {
    "id": 17,
    "first_name": "Meaghan",
    "last_name": "Garufi",
    "company_name": "Bolton, Wilbur Esq",
    "address": "69734 E Carrillo St",
    "city": "Mc Minnville",
    "county": "Warren",
    "state": "TN",
    "zip": 37110
  },
  {
    "id": 18,
    "first_name": "Gladys",
    "last_name": "Rim",
    "company_name": "T M Byxbee Company Pc",
    "address": "322 New Horizon Blvd",
    "city": "Milwaukee",
    "county": "Milwaukee",
    "state": "WI",
    "zip": 53207
  },
  {
    "id": 19,
    "first_name": "Yuki",
    "last_name": "Whobrey",
    "company_name": "Farmers Insurance Group",
    "address": "1 State Route 27",
    "city": "Taylor",
    "county": "Wayne",
    "state": "MI",
    "zip": 48180
  },
  {
    "id": 20,
    "first_name": "Fletcher",
    "last_name": "Flosi",
    "company_name": "Post Box Services Plus",
    "address": "394 Manchester Blvd",
    "city": "Rockford",
    "county": "Winnebago",
    "state": "IL",
    "zip": 61109
  },
  {
    "id": 21,
    "first_name": "Bette",
    "last_name": "Nicka",
    "company_name": "Sport En Art",
    "address": "6 S 33rd St",
    "city": "Aston",
    "county": "Delaware",
    "state": "PA",
    "zip": 19014
  },
  {
    "id": 22,
    "first_name": "Veronika",
    "last_name": "Inouye",
    "company_name": "C 4 Network Inc",
    "address": "6 Greenleaf Ave",
    "city": "San Jose",
    "county": "Santa Clara",
    "state": "CA",
    "zip": 95111
  },
  {
    "id": 23,
    "first_name": "Willard",
    "last_name": "Kolmetz",
    "company_name": "Ingalls, Donald R Esq",
    "address": "618 W Yakima Ave",
    "city": "Irving",
    "county": "Dallas",
    "state": "TX",
    "zip": 75062
  },
  {
    "id": 24,
    "first_name": "Maryann",
    "last_name": "Royster",
    "company_name": "Franklin, Peter L Esq",
    "address": "74 S Westgate St",
    "city": "Albany",
    "county": "Albany",
    "state": "NY",
    "zip": 12204
  },
  {
    "id": 25,
    "first_name": "Alisha",
    "last_name": "Slusarski",
    "company_name": "Wtlz Power 107 Fm",
    "address": "3273 State St",
    "city": "Middlesex",
    "county": "Middlesex",
    "state": "NJ",
    "zip": 8846
  },
  {
    "id": 26,
    "first_name": "Allene",
    "last_name": "Iturbide",
    "company_name": "Ledecky, David Esq",
    "address": "1 Central Ave",
    "city": "Stevens Point",
    "county": "Portage",
    "state": "WI",
    "zip": 54481
  },
  {
    "id": 27,
    "first_name": "Chanel",
    "last_name": "Caudy",
    "company_name": "Professional Image Inc",
    "address": "86 Nw 66th St #8673",
    "city": "Shawnee",
    "county": "Johnson",
    "state": "KS",
    "zip": 66218
  },
  {
    "id": 28,
    "first_name": "Ezekiel",
    "last_name": "Chui",
    "company_name": "Sider, Donald C Esq",
    "address": "2 Cedar Ave #84",
    "city": "Easton",
    "county": "Talbot",
    "state": "MD",
    "zip": 21601
  },
  {
    "id": 29,
    "first_name": "Willow",
    "last_name": "Kusko",
    "company_name": "U Pull It",
    "address": "90991 Thorburn Ave",
    "city": "New York",
    "county": "New York",
    "state": "NY",
    "zip": 10011
  },
  {
    "id": 30,
    "first_name": "Bernardo",
    "last_name": "Figeroa",
    "company_name": "Clark, Richard Cpa",
    "address": "386 9th Ave N",
    "city": "Conroe",
    "county": "Montgomery",
    "state": "TX",
    "zip": 77301
  },
  {
    "id": 31,
    "first_name": "Ammie",
    "last_name": "Corrio",
    "company_name": "Moskowitz, Barry S",
    "address": "74874 Atlantic Ave",
    "city": "Columbus",
    "county": "Franklin",
    "state": "OH",
    "zip": 43215
  },
  {
    "id": 32,
    "first_name": "Francine",
    "last_name": "Vocelka",
    "company_name": "Cascade Realty Advisors Inc",
    "address": "366 South Dr",
    "city": "Las Cruces",
    "county": "Dona Ana",
    "state": "NM",
    "zip": 88011
  },
  {
    "id": 33,
    "first_name": "Ernie",
    "last_name": "Stenseth",
    "company_name": "Knwz Newsradio",
    "address": "45 E Liberty St",
    "city": "Ridgefield Park",
    "county": "Bergen",
    "state": "NJ",
    "zip": 7660
  },
  {
    "id": 34,
    "first_name": "Albina",
    "last_name": "Glick",
    "company_name": "Giampetro, Anthony D",
    "address": "4 Ralph Ct",
    "city": "Dunellen",
    "county": "Middlesex",
    "state": "NJ",
    "zip": 8812
  },
  {
    "id": 35,
    "first_name": "Alishia",
    "last_name": "Sergi",
    "company_name": "Milford Enterprises Inc",
    "address": "2742 Distribution Way",
    "city": "New York",
    "county": "New York",
    "state": "NY",
    "zip": 10025
  },
  {
    "id": 36,
    "first_name": "Solange",
    "last_name": "Shinko",
    "company_name": "Mosocco, Ronald A",
    "address": "426 Wolf St",
    "city": "Metairie",
    "county": "Jefferson",
    "state": "LA",
    "zip": 70002
  },
  {
    "id": 37,
    "first_name": "Jose",
    "last_name": "Stockham",
    "company_name": "Tri State Refueler Co",
    "address": "128 Bransten Rd",
    "city": "New York",
    "county": "New York",
    "state": "NY",
    "zip": 10011
  },
  {
    "id": 38,
    "first_name": "Rozella",
    "last_name": "Ostrosky",
    "company_name": "Parkway Company",
    "address": "17 Morena Blvd",
    "city": "Camarillo",
    "county": "Ventura",
    "state": "CA",
    "zip": 93012
  },
  {
    "id": 39,
    "first_name": "Valentine",
    "last_name": "Gillian",
    "company_name": "Fbs Business Finance",
    "address": "775 W 17th St",
    "city": "San Antonio",
    "county": "Bexar",
    "state": "TX",
    "zip": 78204
  },
  {
    "id": 40,
    "first_name": "Kati",
    "last_name": "Rulapaugh",
    "company_name": "Eder Assocs Consltng Engrs Pc",
    "address": "6980 Dorsett Rd",
    "city": "Abilene",
    "county": "Dickinson",
    "state": "KS",
    "zip": 67410
  },
  {
    "id": 41,
    "first_name": "Youlanda",
    "last_name": "Schemmer",
    "company_name": "Tri M Tool Inc",
    "address": "2881 Lewis Rd",
    "city": "Prineville",
    "county": "Crook",
    "state": "OR",
    "zip": 97754
  },
  {
    "id": 42,
    "first_name": "Dyan",
    "last_name": "Oldroyd",
    "company_name": "International Eyelets Inc",
    "address": "7219 Woodfield Rd",
    "city": "Overland Park",
    "county": "Johnson",
    "state": "KS",
    "zip": 66204
  },
  {
    "id": 43,
    "first_name": "Roxane",
    "last_name": "Campain",
    "company_name": "Rapid Trading Intl",
    "address": "1048 Main St",
    "city": "Fairbanks",
    "county": "Fairbanks North Star",
    "state": "AK",
    "zip": 99708
  },
  {
    "id": 44,
    "first_name": "Lavera",
    "last_name": "Perin",
    "company_name": "Abc Enterprises Inc",
    "address": "678 3rd Ave",
    "city": "Miami",
    "county": "Miami-Dade",
    "state": "FL",
    "zip": 33196
  },
  {
    "id": 45,
    "first_name": "Erick",
    "last_name": "Ferencz",
    "company_name": "Cindy Turner Associates",
    "address": "20 S Babcock St",
    "city": "Fairbanks",
    "county": "Fairbanks North Star",
    "state": "AK",
    "zip": 99712
  },
  {
    "id": 46,
    "first_name": "Fatima",
    "last_name": "Saylors",
    "company_name": "Stanton, James D Esq",
    "address": "2 Lighthouse Ave",
    "city": "Hopkins",
    "county": "Hennepin",
    "state": "MN",
    "zip": 55343
  },
  {
    "id": 47,
    "first_name": "Jina",
    "last_name": "Briddick",
    "company_name": "Grace Pastries Inc",
    "address": "38938 Park Blvd",
    "city": "Boston",
    "county": "Suffolk",
    "state": "MA",
    "zip": 2128
  },
  {
    "id": 48,
    "first_name": "Kanisha",
    "last_name": "Waycott",
    "company_name": "Schroer, Gene E Esq",
    "address": "5 Tomahawk Dr",
    "city": "Los Angeles",
    "county": "Los Angeles",
    "state": "CA",
    "zip": 90006
  },
  {
    "id": 49,
    "first_name": "Emerson",
    "last_name": "Bowley",
    "company_name": "Knights Inn",
    "address": "762 S Main St",
    "city": "Madison",
    "county": "Dane",
    "state": "WI",
    "zip": 53711
  },
  {
    "id": 50,
    "first_name": "Blair",
    "last_name": "Malet",
    "company_name": "Bollinger Mach Shp & Shipyard",
    "address": "209 Decker Dr",
    "city": "Philadelphia",
    "county": "Philadelphia",
    "state": "PA",
    "zip": 19132
  },
  {
    "id": 51,
    "first_name": "Brock",
    "last_name": "Bolognia",
    "company_name": "Orinda News",
    "address": "4486 W O St #1",
    "city": "New York",
    "county": "New York",
    "state": "NY",
    "zip": 10003
  },
  {
    "id": 52,
    "first_name": "Lorrie",
    "last_name": "Nestle",
    "company_name": "Ballard Spahr Andrews",
    "address": "39 S 7th St",
    "city": "Tullahoma",
    "county": "Coffee",
    "state": "TN",
    "zip": 37388
  },
  {
    "id": 53,
    "first_name": "Sabra",
    "last_name": "Uyetake",
    "company_name": "Lowy Limousine Service",
    "address": "98839 Hawthorne Blvd #6101",
    "city": "Columbia",
    "county": "Richland",
    "state": "SC",
    "zip": 29201
  },
  {
    "id": 54,
    "first_name": "Marjory",
    "last_name": "Mastella",
    "company_name": "Vicon Corporation",
    "address": "71 San Mateo Ave",
    "city": "Wayne",
    "county": "Delaware",
    "state": "PA",
    "zip": 19087
  },
  {
    "id": 55,
    "first_name": "Karl",
    "last_name": "Klonowski",
    "company_name": "Rossi, Michael M",
    "address": "76 Brooks St #9",
    "city": "Flemington",
    "county": "Hunterdon",
    "state": "NJ",
    "zip": 8822
  },
  {
    "id": 56,
    "first_name": "Tonette",
    "last_name": "Wenner",
    "company_name": "Northwest Publishing",
    "address": "4545 Courthouse Rd",
    "city": "Westbury",
    "county": "Nassau",
    "state": "NY",
    "zip": 11590
  },
  {
    "id": 57,
    "first_name": "Amber",
    "last_name": "Monarrez",
    "company_name": "Branford Wire & Mfg Co",
    "address": "14288 Foster Ave #4121",
    "city": "Jenkintown",
    "county": "Montgomery",
    "state": "PA",
    "zip": 19046
  },
  {
    "id": 58,
    "first_name": "Shenika",
    "last_name": "Seewald",
    "company_name": "East Coast Marketing",
    "address": "4 Otis St",
    "city": "Van Nuys",
    "county": "Los Angeles",
    "state": "CA",
    "zip": 91405
  },
  {
    "id": 59,
    "first_name": "Delmy",
    "last_name": "Ahle",
    "company_name": "Wye Technologies Inc",
    "address": "65895 S 16th St",
    "city": "Providence",
    "county": "Providence",
    "state": "RI",
    "zip": 2909
  },
  {
    "id": 60,
    "first_name": "Deeanna",
    "last_name": "Juhas",
    "company_name": "Healy, George W Iv",
    "address": "14302 Pennsylvania Ave",
    "city": "Huntingdon Valley",
    "county": "Montgomery",
    "state": "PA",
    "zip": 19006
  },
  {
    "id": 61,
    "first_name": "Blondell",
    "last_name": "Pugh",
    "company_name": "Alpenlite Inc",
    "address": "201 Hawk Ct",
    "city": "Providence",
    "county": "Providence",
    "state": "RI",
    "zip": 2904
  },
  {
    "id": 62,
    "first_name": "Jamal",
    "last_name": "Vanausdal",
    "company_name": "Hubbard, Bruce Esq",
    "address": "53075 Sw 152nd Ter #615",
    "city": "Monroe Township",
    "county": "Middlesex",
    "state": "NJ",
    "zip": 8831
  },
  {
    "id": 63,
    "first_name": "Cecily",
    "last_name": "Hollack",
    "company_name": "Arthur A Oliver & Son Inc",
    "address": "59 N Groesbeck Hwy",
    "city": "Austin",
    "county": "Travis",
    "state": "TX",
    "zip": 78731
  },
  {
    "id": 64,
    "first_name": "Carmelina",
    "last_name": "Lindall",
    "company_name": "George Jessop Carter Jewelers",
    "address": "2664 Lewis Rd",
    "city": "Littleton",
    "county": "Douglas",
    "state": "CO",
    "zip": 80126
  },
  {
    "id": 65,
    "first_name": "Maurine",
    "last_name": "Yglesias",
    "company_name": "Schultz, Thomas C Md",
    "address": "59 Shady Ln #53",
    "city": "Milwaukee",
    "county": "Milwaukee",
    "state": "WI",
    "zip": 53214
  },
  {
    "id": 66,
    "first_name": "Tawna",
    "last_name": "Buvens",
    "company_name": "H H H Enterprises Inc",
    "address": "3305 Nabell Ave #679",
    "city": "New York",
    "county": "New York",
    "state": "NY",
    "zip": 10009
  },
  {
    "id": 67,
    "first_name": "Penney",
    "last_name": "Weight",
    "company_name": "Hawaiian King Hotel",
    "address": "18 Fountain St",
    "city": "Anchorage",
    "county": "Anchorage",
    "state": "AK",
    "zip": 99515
  },
  {
    "id": 68,
    "first_name": "Elly",
    "last_name": "Morocco",
    "company_name": "Killion Industries",
    "address": "7 W 32nd St",
    "city": "Erie",
    "county": "Erie",
    "state": "PA",
    "zip": 16502
  },
  {
    "id": 69,
    "first_name": "Ilene",
    "last_name": "Eroman",
    "company_name": "Robinson, William J Esq",
    "address": "2853 S Central Expy",
    "city": "Glen Burnie",
    "county": "Anne Arundel",
    "state": "MD",
    "zip": 21061
  },
  {
    "id": 70,
    "first_name": "Vallie",
    "last_name": "Mondella",
    "company_name": "Private Properties",
    "address": "74 W College St",
    "city": "Boise",
    "county": "Ada",
    "state": "ID",
    "zip": 83707
  },
  {
    "id": 71,
    "first_name": "Kallie",
    "last_name": "Blackwood",
    "company_name": "Rowley Schlimgen Inc",
    "address": "701 S Harrison Rd",
    "city": "San Francisco",
    "county": "San Francisco",
    "state": "CA",
    "zip": 94104
  },
  {
    "id": 72,
    "first_name": "Johnetta",
    "last_name": "Abdallah",
    "company_name": "Forging Specialties",
    "address": "1088 Pinehurst St",
    "city": "Chapel Hill",
    "county": "Orange",
    "state": "NC",
    "zip": 27514
  },
  {
    "id": 73,
    "first_name": "Bobbye",
    "last_name": "Rhym",
    "company_name": "Smits, Patricia Garity",
    "address": "30 W 80th St #1995",
    "city": "San Carlos",
    "county": "San Mateo",
    "state": "CA",
    "zip": 94070
  },
  {
    "id": 74,
    "first_name": "Micaela",
    "last_name": "Rhymes",
    "company_name": "H Lee Leonard Attorney At Law",
    "address": "20932 Hedley St",
    "city": "Concord",
    "county": "Contra Costa",
    "state": "CA",
    "zip": 94520
  },
  {
    "id": 75,
    "first_name": "Tamar",
    "last_name": "Hoogland",
    "company_name": "A K Construction Co",
    "address": "2737 Pistorio Rd #9230",
    "city": "London",
    "county": "Madison",
    "state": "OH",
    "zip": 43140
  },
  {
    "id": 76,
    "first_name": "Moon",
    "last_name": "Parlato",
    "company_name": "Ambelang, Jessica M Md",
    "address": "74989 Brandon St",
    "city": "Wellsville",
    "county": "Allegany",
    "state": "NY",
    "zip": 14895
  },
  {
    "id": 77,
    "first_name": "Laurel",
    "last_name": "Reitler",
    "company_name": "Q A Service",
    "address": "6 Kains Ave",
    "city": "Baltimore",
    "county": "Baltimore City",
    "state": "MD",
    "zip": 21215
  },
  {
    "id": 78,
    "first_name": "Delisa",
    "last_name": "Crupi",
    "company_name": "Wood & Whitacre Contractors",
    "address": "47565 W Grand Ave",
    "city": "Newark",
    "county": "Essex",
    "state": "NJ",
    "zip": 7105
  },
  {
    "id": 79,
    "first_name": "Viva",
    "last_name": "Toelkes",
    "company_name": "Mark Iv Press Ltd",
    "address": "4284 Dorigo Ln",
    "city": "Chicago",
    "county": "Cook",
    "state": "IL",
    "zip": 60647
  },
  {
    "id": 80,
    "first_name": "Elza",
    "last_name": "Lipke",
    "company_name": "Museum Of Science & Industry",
    "address": "6794 Lake Dr E",
    "city": "Newark",
    "county": "Essex",
    "state": "NJ",
    "zip": 7104
  },
  {
    "id": 81,
    "first_name": "Devorah",
    "last_name": "Chickering",
    "company_name": "Garrison Ind",
    "address": "31 Douglas Blvd #950",
    "city": "Clovis",
    "county": "Curry",
    "state": "NM",
    "zip": 88101
  },
  {
    "id": 82,
    "first_name": "Timothy",
    "last_name": "Mulqueen",
    "company_name": "Saronix Nymph Products",
    "address": "44 W 4th St",
    "city": "Staten Island",
    "county": "Richmond",
    "state": "NY",
    "zip": 10309
  },
  {
    "id": 83,
    "first_name": "Arlette",
    "last_name": "Honeywell",
    "company_name": "Smc Inc",
    "address": "11279 Loytan St",
    "city": "Jacksonville",
    "county": "Duval",
    "state": "FL",
    "zip": 32254
  },
  {
    "id": 84,
    "first_name": "Dominque",
    "last_name": "Dickerson",
    "company_name": "E A I Electronic Assocs Inc",
    "address": "69 Marquette Ave",
    "city": "Hayward",
    "county": "Alameda",
    "state": "CA",
    "zip": 94545
  },
  {
    "id": 85,
    "first_name": "Lettie",
    "last_name": "Isenhower",
    "company_name": "Conte, Christopher A Esq",
    "address": "70 W Main St",
    "city": "Beachwood",
    "county": "Cuyahoga",
    "state": "OH",
    "zip": 44122
  },
  {
    "id": 86,
    "first_name": "Myra",
    "last_name": "Munns",
    "company_name": "Anker Law Office",
    "address": "461 Prospect Pl #316",
    "city": "Euless",
    "county": "Tarrant",
    "state": "TX",
    "zip": 76040
  },
  {
    "id": 87,
    "first_name": "Stephaine",
    "last_name": "Barfield",
    "company_name": "Beutelschies & Company",
    "address": "47154 Whipple Ave Nw",
    "city": "Gardena",
    "county": "Los Angeles",
    "state": "CA",
    "zip": 90247
  },
  {
    "id": 88,
    "first_name": "Lai",
    "last_name": "Gato",
    "company_name": "Fligg, Kenneth I Jr",
    "address": "37 Alabama Ave",
    "city": "Evanston",
    "county": "Cook",
    "state": "IL",
    "zip": 60201
  },
  {
    "id": 89,
    "first_name": "Stephen",
    "last_name": "Emigh",
    "company_name": "Sharp, J Daniel Esq",
    "address": "3777 E Richmond St #900",
    "city": "Akron",
    "county": "Summit",
    "state": "OH",
    "zip": 44302
  },
  {
    "id": 90,
    "first_name": "Tyra",
    "last_name": "Shields",
    "company_name": "Assink, Anne H Esq",
    "address": "3 Fort Worth Ave",
    "city": "Philadelphia",
    "county": "Philadelphia",
    "state": "PA",
    "zip": 19106
  },
  {
    "id": 91,
    "first_name": "Tammara",
    "last_name": "Wardrip",
    "company_name": "Jewel My Shop Inc",
    "address": "4800 Black Horse Pike",
    "city": "Burlingame",
    "county": "San Mateo",
    "state": "CA",
    "zip": 94010
  },
  {
    "id": 92,
    "first_name": "Cory",
    "last_name": "Gibes",
    "company_name": "Chinese Translation Resources",
    "address": "83649 W Belmont Ave",
    "city": "San Gabriel",
    "county": "Los Angeles",
    "state": "CA",
    "zip": 91776
  },
  {
    "id": 93,
    "first_name": "Danica",
    "last_name": "Bruschke",
    "company_name": "Stevens, Charles T",
    "address": "840 15th Ave",
    "city": "Waco",
    "county": "McLennan",
    "state": "TX",
    "zip": 76708
  },
  {
    "id": 94,
    "first_name": "Wilda",
    "last_name": "Giguere",
    "company_name": "Mclaughlin, Luther W Cpa",
    "address": "1747 Calle Amanecer #2",
    "city": "Anchorage",
    "county": "Anchorage",
    "state": "AK",
    "zip": 99501
  },
  {
    "id": 95,
    "first_name": "Elvera",
    "last_name": "Benimadho",
    "company_name": "Tree Musketeers",
    "address": "99385 Charity St #840",
    "city": "San Jose",
    "county": "Santa Clara",
    "state": "CA",
    "zip": 95110
  },
  {
    "id": 96,
    "first_name": "Carma",
    "last_name": "Vanheusen",
    "company_name": "Springfield Div Oh Edison Co",
    "address": "68556 Central Hwy",
    "city": "San Leandro",
    "county": "Alameda",
    "state": "CA",
    "zip": 94577
  },
  {
    "id": 97,
    "first_name": "Malinda",
    "last_name": "Hochard",
    "company_name": "Logan Memorial Hospital",
    "address": "55 Riverside Ave",
    "city": "Indianapolis",
    "county": "Marion",
    "state": "IN",
    "zip": 46202
  },
  {
    "id": 98,
    "first_name": "Natalie",
    "last_name": "Fern",
    "company_name": "Kelly, Charles G Esq",
    "address": "7140 University Ave",
    "city": "Rock Springs",
    "county": "Sweetwater",
    "state": "WY",
    "zip": 82901
  },
  {
    "id": 99,
    "first_name": "Lisha",
    "last_name": "Centini",
    "company_name": "Industrial Paper Shredders Inc",
    "address": "64 5th Ave #1153",
    "city": "Mc Lean",
    "county": "Fairfax",
    "state": "VA",
    "zip": 22102
  },
  {
    "id": 100,
    "first_name": "Arlene",
    "last_name": "Klusman",
    "company_name": "Beck Horizon Builders",
    "address": "3 Secor Rd",
    "city": "New Orleans",
    "county": "Orleans",
    "state": "LA",
    "zip": 70112
  }
]